Source,Destination,Duration (days),Estimated Cost (INR)
Delhi,Taj Mahal,2,8000
Delhi,Agra Fort,3,12000
Delhi,Ajanta Caves,4,15000
Delhi,Ellora Caves,5,20000
Delhi,Buddhist Monuments at Sanchi,1,5000
Delhi,Champaner-Pavagadh,2,8000
Delhi,Chhatrapati Shivaji Terminus,3,12000
Delhi,Churches and Convents of Goa,4,15000
Delhi,Fatehpur Sikri,5,20000
Delhi,Great Living Chola Temples,1,5000
Delhi,Group of Monuments at Hampi,2,8000
Delhi,Group of Monuments at Mahabalipuram,3,12000
Delhi,Group of Monuments at Pattadakal,4,15000
Delhi,Hill Forts of Rajasthan,5,20000
Delhi,Historic City of Ahmedabad,1,5000
Delhi,Humayun's Tomb,2,8000
Delhi,Jaipur City,3,12000
Delhi,Kaziranga National Park,4,15000
Delhi,Keoladeo National Park,5,20000
Delhi,Khajuraho Group of Monuments,1,5000
Delhi,Mahabodhi Temple Complex at Bodh Gaya,2,8000
Delhi,Mountain Railways of India,3,12000
Delhi,Qutb Minar,4,15000
Delhi,Rani ki Vav,5,20000
Delhi,Red Fort,1,5000
Delhi,Rock Shelters of Bhimbetka,2,8000
Delhi,"Sun Temple, Konark",3,12000
Delhi,Sundarbans National Park,4,15000
Delhi,The Architectural Work of Le Corbusier,5,20000
Delhi,"The Jantar Mantar, Jaipur",1,5000
Delhi,The Western Ghats,2,8000
Delhi,Victorian Gothic and Art Deco,3,12000
Delhi,Great Himalayan National Park,4,15000
Delhi,Khangchendzonga National Park,5,20000
Delhi,Bishnupur Temples,1,5000
Delhi,Golconda Fort,2,8000
Delhi,Meenakshi Amman Temple,3,12000
Delhi,Chittorgarh Fort,4,15000
Delhi,Kumbhalgarh Fort,5,20000
Delhi,Hawa Mahal,1,5000
Delhi,Ranthambore Fort,2,8000
Delhi,Leh Palace,3,12000
Delhi,Orchha,4,15000
Delhi,Gwalior Fort,5,20000
Delhi,Mandu,1,5000
Delhi,Rajasthan Stepwells,2,8000
Delhi,Rani Rupmati Pavilion,3,12000
Delhi,Gingee Fort,4,15000
Delhi,Panhala Fort,5,20000
Delhi,Bidar Fort,1,5000
Delhi,Saraswathi Mahal Library,2,8000
Delhi,Lucknow Residency,3,12000
Delhi,Murshidabad,4,15000
Delhi,Madurai,5,20000
Delhi,Chettinad,1,5000
Delhi,Kodaikanal,2,8000
Mumbai,Taj Mahal,3,12000
Mumbai,Agra Fort,4,15000
Mumbai,Ajanta Caves,5,20000
Mumbai,Ellora Caves,1,5000
Mumbai,Buddhist Monuments at Sanchi,2,8000
Mumbai,Champaner-Pavagadh,3,12000
Mumbai,Chhatrapati Shivaji Terminus,4,15000
Mumbai,Churches and Convents of Goa,5,20000
Mumbai,Fatehpur Sikri,1,5000
Mumbai,Great Living Chola Temples,2,8000
Mumbai,Group of Monuments at Hampi,3,12000
Mumbai,Group of Monuments at Mahabalipuram,4,15000
Mumbai,Group of Monuments at Pattadakal,5,20000
Mumbai,Hill Forts of Rajasthan,1,5000
Mumbai,Historic City of Ahmedabad,2,8000
Mumbai,Humayun's Tomb,3,12000
Mumbai,Jaipur City,4,15000
Mumbai,Kaziranga National Park,5,20000
Mumbai,Keoladeo National Park,1,5000
Mumbai,Khajuraho Group of Monuments,2,8000
Mumbai,Mahabodhi Temple Complex at Bodh Gaya,3,12000
Mumbai,Mountain Railways of India,4,15000
Mumbai,Qutb Minar,5,20000
Mumbai,Rani ki Vav,1,5000
Mumbai,Red Fort,2,8000
Mumbai,Rock Shelters of Bhimbetka,3,12000
Mumbai,"Sun Temple, Konark",4,15000
Mumbai,Sundarbans National Park,5,20000
Mumbai,The Architectural Work of Le Corbusier,1,5000
Mumbai,"The Jantar Mantar, Jaipur",2,8000
Mumbai,The Western Ghats,3,12000
Mumbai,Victorian Gothic and Art Deco,4,15000
Mumbai,Great Himalayan National Park,5,20000
Mumbai,Khangchendzonga National Park,1,5000
Mumbai,Bishnupur Temples,2,8000
Mumbai,Golconda Fort,3,12000
Mumbai,Meenakshi Amman Temple,4,15000
Mumbai,Chittorgarh Fort,5,20000
Mumbai,Kumbhalgarh Fort,1,5000
Mumbai,Hawa Mahal,2,8000
Mumbai,Ranthambore Fort,3,12000
Mumbai,Leh Palace,4,15000
Mumbai,Orchha,5,20000
Mumbai,Gwalior Fort,1,5000
Mumbai,Mandu,2,8000
Mumbai,Rajasthan Stepwells,3,12000
Mumbai,Rani Rupmati Pavilion,4,15000
Mumbai,Gingee Fort,5,20000
Mumbai,Panhala Fort,1,5000
Mumbai,Bidar Fort,2,8000
Mumbai,Saraswathi Mahal Library,3,12000
Mumbai,Lucknow Residency,4,15000
Mumbai,Murshidabad,5,20000
Mumbai,Madurai,1,5000
Mumbai,Chettinad,2,8000
Mumbai,Kodaikanal,3,12000
Kolkata,Taj Mahal,4,15000
Kolkata,Agra Fort,5,20000
Kolkata,Ajanta Caves,1,5000
Kolkata,Ellora Caves,2,8000
Kolkata,Buddhist Monuments at Sanchi,3,12000
Kolkata,Champaner-Pavagadh,4,15000
Kolkata,Chhatrapati Shivaji Terminus,5,20000
Kolkata,Churches and Convents of Goa,1,5000
Kolkata,Fatehpur Sikri,2,8000
Kolkata,Great Living Chola Temples,3,12000
Kolkata,Group of Monuments at Hampi,4,15000
Kolkata,Group of Monuments at Mahabalipuram,5,20000
Kolkata,Group of Monuments at Pattadakal,1,5000
Kolkata,Hill Forts of Rajasthan,2,8000
Kolkata,Historic City of Ahmedabad,3,12000
Kolkata,Humayun's Tomb,4,15000
Kolkata,Jaipur City,5,20000
Kolkata,Kaziranga National Park,1,5000
Kolkata,Keoladeo National Park,2,8000
Kolkata,Khajuraho Group of Monuments,3,12000
Kolkata,Mahabodhi Temple Complex at Bodh Gaya,4,15000
Kolkata,Mountain Railways of India,5,20000
Kolkata,Qutb Minar,1,5000
Kolkata,Rani ki Vav,2,8000
Kolkata,Red Fort,3,12000
Kolkata,Rock Shelters of Bhimbetka,4,15000
Kolkata,"Sun Temple, Konark",5,20000
Kolkata,Sundarbans National Park,1,5000
Kolkata,The Architectural Work of Le Corbusier,2,8000
Kolkata,"The Jantar Mantar, Jaipur",3,12000
Kolkata,The Western Ghats,4,15000
Kolkata,Victorian Gothic and Art Deco,5,20000
Kolkata,Great Himalayan National Park,1,5000
Kolkata,Khangchendzonga National Park,2,8000
Kolkata,Bishnupur Temples,3,12000
Kolkata,Golconda Fort,4,15000
Kolkata,Meenakshi Amman Temple,5,20000
Kolkata,Chittorgarh Fort,1,5000
Kolkata,Kumbhalgarh Fort,2,8000
Kolkata,Hawa Mahal,3,12000
Kolkata,Ranthambore Fort,4,15000
Kolkata,Leh Palace,5,20000
Kolkata,Orchha,1,5000
Kolkata,Gwalior Fort,2,8000
Kolkata,Mandu,3,12000
Kolkata,Rajasthan Stepwells,4,15000
Kolkata,Rani Rupmati Pavilion,5,20000
Kolkata,Gingee Fort,1,5000
Kolkata,Panhala Fort,2,8000
Kolkata,Bidar Fort,3,12000
Kolkata,Saraswathi Mahal Library,4,15000
Kolkata,Lucknow Residency,5,20000
Kolkata,Murshidabad,1,5000
Kolkata,Madurai,2,8000
Kolkata,Chettinad,3,12000
Kolkata,Kodaikanal,4,15000
Jaipur,Taj Mahal,5,20000
Jaipur,Agra Fort,1,5000
Jaipur,Ajanta Caves,2,8000
Jaipur,Ellora Caves,3,12000
Jaipur,Buddhist Monuments at Sanchi,4,15000
Jaipur,Champaner-Pavagadh,5,20000
Jaipur,Chhatrapati Shivaji Terminus,1,5000
Jaipur,Churches and Convents of Goa,2,8000
Jaipur,Fatehpur Sikri,3,12000
Jaipur,Great Living Chola Temples,4,15000
Jaipur,Group of Monuments at Hampi,5,20000
Jaipur,Group of Monuments at Mahabalipuram,1,5000
Jaipur,Group of Monuments at Pattadakal,2,8000
Jaipur,Hill Forts of Rajasthan,3,12000
Jaipur,Historic City of Ahmedabad,4,15000
Jaipur,Humayun's Tomb,5,20000
Jaipur,Jaipur City,1,5000
Jaipur,Kaziranga National Park,2,8000
Jaipur,Keoladeo National Park,3,12000
Jaipur,Khajuraho Group of Monuments,4,15000
Jaipur,Mahabodhi Temple Complex at Bodh Gaya,5,20000
Jaipur,Mountain Railways of India,1,5000
Jaipur,Qutb Minar,2,8000
Jaipur,Rani ki Vav,3,12000
Jaipur,Red Fort,4,15000
Jaipur,Rock Shelters of Bhimbetka,5,20000
Jaipur,"Sun Temple, Konark",1,5000
Jaipur,Sundarbans National Park,2,8000
Jaipur,The Architectural Work of Le Corbusier,3,12000
Jaipur,"The Jantar Mantar, Jaipur",4,15000
Jaipur,The Western Ghats,5,20000
Jaipur,Victorian Gothic and Art Deco,1,5000
Jaipur,Great Himalayan National Park,2,8000
Jaipur,Khangchendzonga National Park,3,12000
Jaipur,Bishnupur Temples,4,15000
Jaipur,Golconda Fort,5,20000
Jaipur,Meenakshi Amman Temple,1,5000
Jaipur,Chittorgarh Fort,2,8000
Jaipur,Kumbhalgarh Fort,3,12000
Jaipur,Hawa Mahal,4,15000
Jaipur,Ranthambore Fort,5,20000
Jaipur,Leh Palace,1,5000
Jaipur,Orchha,2,8000
Jaipur,Gwalior Fort,3,12000
Jaipur,Mandu,4,15000
Jaipur,Rajasthan Stepwells,5,20000
Jaipur,Rani Rupmati Pavilion,1,5000
Jaipur,Gingee Fort,2,8000
Jaipur,Panhala Fort,3,12000
Jaipur,Bidar Fort,4,15000
Jaipur,Saraswathi Mahal Library,5,20000
Jaipur,Lucknow Residency,1,5000
Jaipur,Murshidabad,2,8000
Jaipur,Madurai,3,12000
Jaipur,Chettinad,4,15000
Jaipur,Kodaikanal,5,20000
Agra,Taj Mahal,1,5000
Agra,Agra Fort,2,8000
Agra,Ajanta Caves,3,12000
Agra,Ellora Caves,4,15000
Agra,Buddhist Monuments at Sanchi,5,20000
Agra,Champaner-Pavagadh,1,5000
Agra,Chhatrapati Shivaji Terminus,2,8000
Agra,Churches and Convents of Goa,3,12000
Agra,Fatehpur Sikri,4,15000
Agra,Great Living Chola Temples,5,20000
Agra,Group of Monuments at Hampi,1,5000
Agra,Group of Monuments at Mahabalipuram,2,8000
Agra,Group of Monuments at Pattadakal,3,12000
Agra,Hill Forts of Rajasthan,4,15000
Agra,Historic City of Ahmedabad,5,20000
Agra,Humayun's Tomb,1,5000
Agra,Jaipur City,2,8000
Agra,Kaziranga National Park,3,12000
Agra,Keoladeo National Park,4,15000
Agra,Khajuraho Group of Monuments,5,20000
Agra,Mahabodhi Temple Complex at Bodh Gaya,1,5000
Agra,Mountain Railways of India,2,8000
Agra,Qutb Minar,3,12000
Agra,Rani ki Vav,4,15000
Agra,Red Fort,5,20000
Agra,Rock Shelters of Bhimbetka,1,5000
Agra,"Sun Temple, Konark",2,8000
Agra,Sundarbans National Park,3,12000
Agra,The Architectural Work of Le Corbusier,4,15000
Agra,"The Jantar Mantar, Jaipur",5,20000
Agra,The Western Ghats,1,5000
Agra,Victorian Gothic and Art Deco,2,8000
Agra,Great Himalayan National Park,3,12000
Agra,Khangchendzonga National Park,4,15000
Agra,Bishnupur Temples,5,20000
Agra,Golconda Fort,1,5000
Agra,Meenakshi Amman Temple,2,8000
Agra,Chittorgarh Fort,3,12000
Agra,Kumbhalgarh Fort,4,15000
Agra,Hawa Mahal,5,20000
Agra,Ranthambore Fort,1,5000
Agra,Leh Palace,2,8000
Agra,Orchha,3,12000
Agra,Gwalior Fort,4,15000
Agra,Mandu,5,20000
Agra,Rajasthan Stepwells,1,5000
Agra,Rani Rupmati Pavilion,2,8000
Agra,Gingee Fort,3,12000
Agra,Panhala Fort,4,15000
Agra,Bidar Fort,5,20000
Agra,Saraswathi Mahal Library,1,5000
Agra,Lucknow Residency,2,8000
Agra,Murshidabad,3,12000
Agra,Madurai,4,15000
Agra,Chettinad,5,20000
Agra,Kodaikanal,1,5000
Chennai,Taj Mahal,2,8000
Chennai,Agra Fort,3,12000
Chennai,Ajanta Caves,4,15000
Chennai,Ellora Caves,5,20000
Chennai,Buddhist Monuments at Sanchi,1,5000
Chennai,Champaner-Pavagadh,2,8000
Chennai,Chhatrapati Shivaji Terminus,3,12000
Chennai,Churches and Convents of Goa,4,15000
Chennai,Fatehpur Sikri,5,20000
Chennai,Great Living Chola Temples,1,5000
Chennai,Group of Monuments at Hampi,2,8000
Chennai,Group of Monuments at Mahabalipuram,3,12000
Chennai,Group of Monuments at Pattadakal,4,15000
Chennai,Hill Forts of Rajasthan,5,20000
Chennai,Historic City of Ahmedabad,1,5000
Chennai,Humayun's Tomb,2,8000
Chennai,Jaipur City,3,12000
Chennai,Kaziranga National Park,4,15000
Chennai,Keoladeo National Park,5,20000
Chennai,Khajuraho Group of Monuments,1,5000
Chennai,Mahabodhi Temple Complex at Bodh Gaya,2,8000
Chennai,Mountain Railways of India,3,12000
Chennai,Qutb Minar,4,15000
Chennai,Rani ki Vav,5,20000
Chennai,Red Fort,1,5000
Chennai,Rock Shelters of Bhimbetka,2,8000
Chennai,"Sun Temple, Konark",3,12000
Chennai,Sundarbans National Park,4,15000
Chennai,The Architectural Work of Le Corbusier,5,20000
Chennai,"The Jantar Mantar, Jaipur",1,5000
Chennai,The Western Ghats,2,8000
Chennai,Victorian Gothic and Art Deco,3,12000
Chennai,Great Himalayan National Park,4,15000
Chennai,Khangchendzonga National Park,5,20000
Chennai,Bishnupur Temples,1,5000
Chennai,Golconda Fort,2,8000
Chennai,Meenakshi Amman Temple,3,12000
Chennai,Chittorgarh Fort,4,15000
Chennai,Kumbhalgarh Fort,5,20000
Chennai,Hawa Mahal,1,5000
Chennai,Ranthambore Fort,2,8000
Chennai,Leh Palace,3,12000
Chennai,Orchha,4,15000
Chennai,Gwalior Fort,5,20000
Chennai,Mandu,1,5000
Chennai,Rajasthan Stepwells,2,8000
Chennai,Rani Rupmati Pavilion,3,12000
Chennai,Gingee Fort,4,15000
Chennai,Panhala Fort,5,20000
Chennai,Bidar Fort,1,5000
Chennai,Saraswathi Mahal Library,2,8000
Chennai,Lucknow Residency,3,12000
Chennai,Murshidabad,4,15000
Chennai,Madurai,5,20000
Chennai,Chettinad,1,5000
Chennai,Kodaikanal,2,8000
Bangalore,Taj Mahal,3,12000
Bangalore,Agra Fort,4,15000
Bangalore,Ajanta Caves,5,20000
Bangalore,Ellora Caves,1,5000
Bangalore,Buddhist Monuments at Sanchi,2,8000
Bangalore,Champaner-Pavagadh,3,12000
Bangalore,Chhatrapati Shivaji Terminus,4,15000
Bangalore,Churches and Convents of Goa,5,20000
Bangalore,Fatehpur Sikri,1,5000
Bangalore,Great Living Chola Temples,2,8000
Bangalore,Group of Monuments at Hampi,3,12000
Bangalore,Group of Monuments at Mahabalipuram,4,15000
Bangalore,Group of Monuments at Pattadakal,5,20000
Bangalore,Hill Forts of Rajasthan,1,5000
Bangalore,Historic City of Ahmedabad,2,8000
Bangalore,Humayun's Tomb,3,12000
Bangalore,Jaipur City,4,15000
Bangalore,Kaziranga National Park,5,20000
Bangalore,Keoladeo National Park,1,5000
Bangalore,Khajuraho Group of Monuments,2,8000
Bangalore,Mahabodhi Temple Complex at Bodh Gaya,3,12000
Bangalore,Mountain Railways of India,4,15000
Bangalore,Qutb Minar,5,20000
Bangalore,Rani ki Vav,1,5000
Bangalore,Red Fort,2,8000
Bangalore,Rock Shelters of Bhimbetka,3,12000
Bangalore,"Sun Temple, Konark",4,15000
Bangalore,Sundarbans National Park,5,20000
Bangalore,The Architectural Work of Le Corbusier,1,5000
Bangalore,"The Jantar Mantar, Jaipur",2,8000
Bangalore,The Western Ghats,3,12000
Bangalore,Victorian Gothic and Art Deco,4,15000
Bangalore,Great Himalayan National Park,5,20000
Bangalore,Khangchendzonga National Park,1,5000
Bangalore,Bishnupur Temples,2,8000
Bangalore,Golconda Fort,3,12000
Bangalore,Meenakshi Amman Temple,4,15000
Bangalore,Chittorgarh Fort,5,20000
Bangalore,Kumbhalgarh Fort,1,5000
Bangalore,Hawa Mahal,2,8000
Bangalore,Ranthambore Fort,3,12000
Bangalore,Leh Palace,4,15000
Bangalore,Orchha,5,20000
Bangalore,Gwalior Fort,1,5000
Bangalore,Mandu,2,8000
Bangalore,Rajasthan Stepwells,3,12000
Bangalore,Rani Rupmati Pavilion,4,15000
Bangalore,Gingee Fort,5,20000
Bangalore,Panhala Fort,1,5000
Bangalore,Bidar Fort,2,8000
Bangalore,Saraswathi Mahal Library,3,12000
Bangalore,Lucknow Residency,4,15000
Bangalore,Murshidabad,5,20000
Bangalore,Madurai,1,5000
Bangalore,Chettinad,2,8000
Bangalore,Kodaikanal,3,12000
Hyderabad,Taj Mahal,4,15000
Hyderabad,Agra Fort,5,20000
Hyderabad,Ajanta Caves,1,5000
Hyderabad,Ellora Caves,2,8000
Hyderabad,Buddhist Monuments at Sanchi,3,12000
Hyderabad,Champaner-Pavagadh,4,15000
Hyderabad,Chhatrapati Shivaji Terminus,5,20000
Hyderabad,Churches and Convents of Goa,1,5000
Hyderabad,Fatehpur Sikri,2,8000
Hyderabad,Great Living Chola Temples,3,12000
Hyderabad,Group of Monuments at Hampi,4,15000
Hyderabad,Group of Monuments at Mahabalipuram,5,20000
Hyderabad,Group of Monuments at Pattadakal,1,5000
Hyderabad,Hill Forts of Rajasthan,2,8000
Hyderabad,Historic City of Ahmedabad,3,12000
Hyderabad,Humayun's Tomb,4,15000
Hyderabad,Jaipur City,5,20000
Hyderabad,Kaziranga National Park,1,5000
Hyderabad,Keoladeo National Park,2,8000
Hyderabad,Khajuraho Group of Monuments,3,12000
Hyderabad,Mahabodhi Temple Complex at Bodh Gaya,4,15000
Hyderabad,Mountain Railways of India,5,20000
Hyderabad,Qutb Minar,1,5000
Hyderabad,Rani ki Vav,2,8000
Hyderabad,Red Fort,3,12000
Hyderabad,Rock Shelters of Bhimbetka,4,15000
Hyderabad,"Sun Temple, Konark",5,20000
Hyderabad,Sundarbans National Park,1,5000
Hyderabad,The Architectural Work of Le Corbusier,2,8000
Hyderabad,"The Jantar Mantar, Jaipur",3,12000
Hyderabad,The Western Ghats,4,15000
Hyderabad,Victorian Gothic and Art Deco,5,20000
Hyderabad,Great Himalayan National Park,1,5000
Hyderabad,Khangchendzonga National Park,2,8000
Hyderabad,Bishnupur Temples,3,12000
Hyderabad,Golconda Fort,4,15000
Hyderabad,Meenakshi Amman Temple,5,20000
Hyderabad,Chittorgarh Fort,1,5000
Hyderabad,Kumbhalgarh Fort,2,8000
Hyderabad,Hawa Mahal,3,12000
Hyderabad,Ranthambore Fort,4,15000
Hyderabad,Leh Palace,5,20000
Hyderabad,Orchha,1,5000
Hyderabad,Gwalior Fort,2,8000
Hyderabad,Mandu,3,12000
Hyderabad,Rajasthan Stepwells,4,15000
Hyderabad,Rani Rupmati Pavilion,5,20000
Hyderabad,Gingee Fort,1,5000
Hyderabad,Panhala Fort,2,8000
Hyderabad,Bidar Fort,3,12000
Hyderabad,Saraswathi Mahal Library,4,15000
Hyderabad,Lucknow Residency,5,20000
Hyderabad,Murshidabad,1,5000
Hyderabad,Madurai,2,8000
Hyderabad,Chettinad,3,12000
Hyderabad,Kodaikanal,4,15000
Pune,Taj Mahal,5,20000
Pune,Agra Fort,1,5000
Pune,Ajanta Caves,2,8000
Pune,Ellora Caves,3,12000
Pune,Buddhist Monuments at Sanchi,4,15000
Pune,Champaner-Pavagadh,5,20000
Pune,Chhatrapati Shivaji Terminus,1,5000
Pune,Churches and Convents of Goa,2,8000
Pune,Fatehpur Sikri,3,12000
Pune,Great Living Chola Temples,4,15000
Pune,Group of Monuments at Hampi,5,20000
Pune,Group of Monuments at Mahabalipuram,1,5000
Pune,Group of Monuments at Pattadakal,2,8000
Pune,Hill Forts of Rajasthan,3,12000
Pune,Historic City of Ahmedabad,4,15000
Pune,Humayun's Tomb,5,20000
Pune,Jaipur City,1,5000
Pune,Kaziranga National Park,2,8000
Pune,Keoladeo National Park,3,12000
Pune,Khajuraho Group of Monuments,4,15000
Pune,Mahabodhi Temple Complex at Bodh Gaya,5,20000
Pune,Mountain Railways of India,1,5000
Pune,Qutb Minar,2,8000
Pune,Rani ki Vav,3,12000
Pune,Red Fort,4,15000
Pune,Rock Shelters of Bhimbetka,5,20000
Pune,"Sun Temple, Konark",1,5000
Pune,Sundarbans National Park,2,8000
Pune,The Architectural Work of Le Corbusier,3,12000
Pune,"The Jantar Mantar, Jaipur",4,15000
Pune,The Western Ghats,5,20000
Pune,Victorian Gothic and Art Deco,1,5000
Pune,Great Himalayan National Park,2,8000
Pune,Khangchendzonga National Park,3,12000
Pune,Bishnupur Temples,4,15000
Pune,Golconda Fort,5,20000
Pune,Meenakshi Amman Temple,1,5000
Pune,Chittorgarh Fort,2,8000
Pune,Kumbhalgarh Fort,3,12000
Pune,Hawa Mahal,4,15000
Pune,Ranthambore Fort,5,20000
Pune,Leh Palace,1,5000
Pune,Orchha,2,8000
Pune,Gwalior Fort,3,12000
Pune,Mandu,4,15000
Pune,Rajasthan Stepwells,5,20000
Pune,Rani Rupmati Pavilion,1,5000
Pune,Gingee Fort,2,8000
Pune,Panhala Fort,3,12000
Pune,Bidar Fort,4,15000
Pune,Saraswathi Mahal Library,5,20000
Pune,Lucknow Residency,1,5000
Pune,Murshidabad,2,8000
Pune,Madurai,3,12000
Pune,Chettinad,4,15000
Pune,Kodaikanal,5,20000
Ahmedabad,Taj Mahal,1,5000
Ahmedabad,Agra Fort,2,8000
Ahmedabad,Ajanta Caves,3,12000
Ahmedabad,Ellora Caves,4,15000
Ahmedabad,Buddhist Monuments at Sanchi,5,20000
Ahmedabad,Champaner-Pavagadh,1,5000
Ahmedabad,Chhatrapati Shivaji Terminus,2,8000
Ahmedabad,Churches and Convents of Goa,3,12000
Ahmedabad,Fatehpur Sikri,4,15000
Ahmedabad,Great Living Chola Temples,5,20000
Ahmedabad,Group of Monuments at Hampi,1,5000
Ahmedabad,Group of Monuments at Mahabalipuram,2,8000
Ahmedabad,Group of Monuments at Pattadakal,3,12000
Ahmedabad,Hill Forts of Rajasthan,4,15000
Ahmedabad,Historic City of Ahmedabad,5,20000
Ahmedabad,Humayun's Tomb,1,5000
Ahmedabad,Jaipur City,2,8000
Ahmedabad,Kaziranga National Park,3,12000
Ahmedabad,Keoladeo National Park,4,15000
Ahmedabad,Khajuraho Group of Monuments,5,20000
Ahmedabad,Mahabodhi Temple Complex at Bodh Gaya,1,5000
Ahmedabad,Mountain Railways of India,2,8000
Ahmedabad,Qutb Minar,3,12000
Ahmedabad,Rani ki Vav,4,15000
Ahmedabad,Red Fort,5,20000
Ahmedabad,Rock Shelters of Bhimbetka,1,5000
Ahmedabad,"Sun Temple, Konark",2,8000
Ahmedabad,Sundarbans National Park,3,12000
Ahmedabad,The Architectural Work of Le Corbusier,4,15000
Ahmedabad,"The Jantar Mantar, Jaipur",5,20000
Ahmedabad,The Western Ghats,1,5000
Ahmedabad,Victorian Gothic and Art Deco,2,8000
Ahmedabad,Great Himalayan National Park,3,12000
Ahmedabad,Khangchendzonga National Park,4,15000
Ahmedabad,Bishnupur Temples,5,20000
Ahmedabad,Golconda Fort,1,5000
Ahmedabad,Meenakshi Amman Temple,2,8000
Ahmedabad,Chittorgarh Fort,3,12000
Ahmedabad,Kumbhalgarh Fort,4,15000
Ahmedabad,Hawa Mahal,5,20000
Ahmedabad,Ranthambore Fort,1,5000
Ahmedabad,Leh Palace,2,8000
Ahmedabad,Orchha,3,12000
Ahmedabad,Gwalior Fort,4,15000
Ahmedabad,Mandu,5,20000
Ahmedabad,Rajasthan Stepwells,1,5000
Ahmedabad,Rani Rupmati Pavilion,2,8000
Ahmedabad,Gingee Fort,3,12000
Ahmedabad,Panhala Fort,4,15000
Ahmedabad,Bidar Fort,5,20000
Ahmedabad,Saraswathi Mahal Library,1,5000
Ahmedabad,Lucknow Residency,2,8000
Ahmedabad,Murshidabad,3,12000
Ahmedabad,Madurai,4,15000
Ahmedabad,Chettinad,5,20000
Ahmedabad,Kodaikanal,1,5000
Lucknow,Taj Mahal,2,8000
Lucknow,Agra Fort,3,12000
Lucknow,Ajanta Caves,4,15000
Lucknow,Ellora Caves,5,20000
Lucknow,Buddhist Monuments at Sanchi,1,5000
Lucknow,Champaner-Pavagadh,2,8000
Lucknow,Chhatrapati Shivaji Terminus,3,12000
Lucknow,Churches and Convents of Goa,4,15000
Lucknow,Fatehpur Sikri,5,20000
Lucknow,Great Living Chola Temples,1,5000
Lucknow,Group of Monuments at Hampi,2,8000
Lucknow,Group of Monuments at Mahabalipuram,3,12000
Lucknow,Group of Monuments at Pattadakal,4,15000
Lucknow,Hill Forts of Rajasthan,5,20000
Lucknow,Historic City of Ahmedabad,1,5000
Lucknow,Humayun's Tomb,2,8000
Lucknow,Jaipur City,3,12000
Lucknow,Kaziranga National Park,4,15000
Lucknow,Keoladeo National Park,5,20000
Lucknow,Khajuraho Group of Monuments,1,5000
Lucknow,Mahabodhi Temple Complex at Bodh Gaya,2,8000
Lucknow,Mountain Railways of India,3,12000
Lucknow,Qutb Minar,4,15000
Lucknow,Rani ki Vav,5,20000
Lucknow,Red Fort,1,5000
Lucknow,Rock Shelters of Bhimbetka,2,8000
Lucknow,"Sun Temple, Konark",3,12000
Lucknow,Sundarbans National Park,4,15000
Lucknow,The Architectural Work of Le Corbusier,5,20000
Lucknow,"The Jantar Mantar, Jaipur",1,5000
Lucknow,The Western Ghats,2,8000
Lucknow,Victorian Gothic and Art Deco,3,12000
Lucknow,Great Himalayan National Park,4,15000
Lucknow,Khangchendzonga National Park,5,20000
Lucknow,Bishnupur Temples,1,5000
Lucknow,Golconda Fort,2,8000
Lucknow,Meenakshi Amman Temple,3,12000
Lucknow,Chittorgarh Fort,4,15000
Lucknow,Kumbhalgarh Fort,5,20000
Lucknow,Hawa Mahal,1,5000
Lucknow,Ranthambore Fort,2,8000
Lucknow,Leh Palace,3,12000
Lucknow,Orchha,4,15000
Lucknow,Gwalior Fort,5,20000
Lucknow,Mandu,1,5000
Lucknow,Rajasthan Stepwells,2,8000
Lucknow,Rani Rupmati Pavilion,3,12000
Lucknow,Gingee Fort,4,15000
Lucknow,Panhala Fort,5,20000
Lucknow,Bidar Fort,1,5000
Lucknow,Saraswathi Mahal Library,2,8000
Lucknow,Lucknow Residency,3,12000
Lucknow,Murshidabad,4,15000
Lucknow,Madurai,5,20000
Lucknow,Chettinad,1,5000
Lucknow,Kodaikanal,2,8000
Patna,Taj Mahal,3,12000
Patna,Agra Fort,4,15000
Patna,Ajanta Caves,5,20000
Patna,Ellora Caves,1,5000
Patna,Buddhist Monuments at Sanchi,2,8000
Patna,Champaner-Pavagadh,3,12000
Patna,Chhatrapati Shivaji Terminus,4,15000
Patna,Churches and Convents of Goa,5,20000
Patna,Fatehpur Sikri,1,5000
Patna,Great Living Chola Temples,2,8000
Patna,Group of Monuments at Hampi,3,12000
Patna,Group of Monuments at Mahabalipuram,4,15000
Patna,Group of Monuments at Pattadakal,5,20000
Patna,Hill Forts of Rajasthan,1,5000
Patna,Historic City of Ahmedabad,2,8000
Patna,Humayun's Tomb,3,12000
Patna,Jaipur City,4,15000
Patna,Kaziranga National Park,5,20000
Patna,Keoladeo National Park,1,5000
Patna,Khajuraho Group of Monuments,2,8000
Patna,Mahabodhi Temple Complex at Bodh Gaya,3,12000
Patna,Mountain Railways of India,4,15000
Patna,Qutb Minar,5,20000
Patna,Rani ki Vav,1,5000
Patna,Red Fort,2,8000
Patna,Rock Shelters of Bhimbetka,3,12000
Patna,"Sun Temple, Konark",4,15000
Patna,Sundarbans National Park,5,20000
Patna,The Architectural Work of Le Corbusier,1,5000
Patna,"The Jantar Mantar, Jaipur",2,8000
Patna,The Western Ghats,3,12000
Patna,Victorian Gothic and Art Deco,4,15000
Patna,Great Himalayan National Park,5,20000
Patna,Khangchendzonga National Park,1,5000
Patna,Bishnupur Temples,2,8000
Patna,Golconda Fort,3,12000
Patna,Meenakshi Amman Temple,4,15000
Patna,Chittorgarh Fort,5,20000
Patna,Kumbhalgarh Fort,1,5000
Patna,Hawa Mahal,2,8000
Patna,Ranthambore Fort,3,12000
Patna,Leh Palace,4,15000
Patna,Orchha,5,20000
Patna,Gwalior Fort,1,5000
Patna,Mandu,2,8000
Patna,Rajasthan Stepwells,3,12000
Patna,Rani Rupmati Pavilion,4,15000
Patna,Gingee Fort,5,20000
Patna,Panhala Fort,1,5000
Patna,Bidar Fort,2,8000
Patna,Saraswathi Mahal Library,3,12000
Patna,Lucknow Residency,4,15000
Patna,Murshidabad,5,20000
Patna,Madurai,1,5000
Patna,Chettinad,2,8000
Patna,Kodaikanal,3,12000
Indore,Taj Mahal,4,15000
Indore,Agra Fort,5,20000
Indore,Ajanta Caves,1,5000
Indore,Ellora Caves,2,8000
Indore,Buddhist Monuments at Sanchi,3,12000
Indore,Champaner-Pavagadh,4,15000
Indore,Chhatrapati Shivaji Terminus,5,20000
Indore,Churches and Convents of Goa,1,5000
Indore,Fatehpur Sikri,2,8000
Indore,Great Living Chola Temples,3,12000
Indore,Group of Monuments at Hampi,4,15000
Indore,Group of Monuments at Mahabalipuram,5,20000
Indore,Group of Monuments at Pattadakal,1,5000
Indore,Hill Forts of Rajasthan,2,8000
Indore,Historic City of Ahmedabad,3,12000
Indore,Humayun's Tomb,4,15000
Indore,Jaipur City,5,20000
Indore,Kaziranga National Park,1,5000
Indore,Keoladeo National Park,2,8000
Indore,Khajuraho Group of Monuments,3,12000
Indore,Mahabodhi Temple Complex at Bodh Gaya,4,15000
Indore,Mountain Railways of India,5,20000
Indore,Qutb Minar,1,5000
Indore,Rani ki Vav,2,8000
Indore,Red Fort,3,12000
Indore,Rock Shelters of Bhimbetka,4,15000
Indore,"Sun Temple, Konark",5,20000
Indore,Sundarbans National Park,1,5000
Indore,The Architectural Work of Le Corbusier,2,8000
Indore,"The Jantar Mantar, Jaipur",3,12000
Indore,The Western Ghats,4,15000
Indore,Victorian Gothic and Art Deco,5,20000
Indore,Great Himalayan National Park,1,5000
Indore,Khangchendzonga National Park,2,8000
Indore,Bishnupur Temples,3,12000
Indore,Golconda Fort,4,15000
Indore,Meenakshi Amman Temple,5,20000
Indore,Chittorgarh Fort,1,5000
Indore,Kumbhalgarh Fort,2,8000
Indore,Hawa Mahal,3,12000
Indore,Ranthambore Fort,4,15000
Indore,Leh Palace,5,20000
Indore,Orchha,1,5000
Indore,Gwalior Fort,2,8000
Indore,Mandu,3,12000
Indore,Rajasthan Stepwells,4,15000
Indore,Rani Rupmati Pavilion,5,20000
Indore,Gingee Fort,1,5000
Indore,Panhala Fort,2,8000
Indore,Bidar Fort,3,12000
Indore,Saraswathi Mahal Library,4,15000
Indore,Lucknow Residency,5,20000
Indore,Murshidabad,1,5000
Indore,Madurai,2,8000
Indore,Chettinad,3,12000
Indore,Kodaikanal,4,15000
Vadodara,Taj Mahal,5,20000
Vadodara,Agra Fort,1,5000
Vadodara,Ajanta Caves,2,8000
Vadodara,Ellora Caves,3,12000
Vadodara,Buddhist Monuments at Sanchi,4,15000
Vadodara,Champaner-Pavagadh,5,20000
Vadodara,Chhatrapati Shivaji Terminus,1,5000
Vadodara,Churches and Convents of Goa,2,8000
Vadodara,Fatehpur Sikri,3,12000
Vadodara,Great Living Chola Temples,4,15000
Vadodara,Group of Monuments at Hampi,5,20000
Vadodara,Group of Monuments at Mahabalipuram,1,5000
Vadodara,Group of Monuments at Pattadakal,2,8000
Vadodara,Hill Forts of Rajasthan,3,12000
Vadodara,Historic City of Ahmedabad,4,15000
Vadodara,Humayun's Tomb,5,20000
Vadodara,Jaipur City,1,5000
Vadodara,Kaziranga National Park,2,8000
Vadodara,Keoladeo National Park,3,12000
Vadodara,Khajuraho Group of Monuments,4,15000
Vadodara,Mahabodhi Temple Complex at Bodh Gaya,5,20000
Vadodara,Mountain Railways of India,1,5000
Vadodara,Qutb Minar,2,8000
Vadodara,Rani ki Vav,3,12000
Vadodara,Red Fort,4,15000
Vadodara,Rock Shelters of Bhimbetka,5,20000
Vadodara,"Sun Temple, Konark",1,5000
Vadodara,Sundarbans National Park,2,8000
Vadodara,The Architectural Work of Le Corbusier,3,12000
Vadodara,"The Jantar Mantar, Jaipur",4,15000
Vadodara,The Western Ghats,5,20000
Vadodara,Victorian Gothic and Art Deco,1,5000
Vadodara,Great Himalayan National Park,2,8000
Vadodara,Khangchendzonga National Park,3,12000
Vadodara,Bishnupur Temples,4,15000
Vadodara,Golconda Fort,5,20000
Vadodara,Meenakshi Amman Temple,1,5000
Vadodara,Chittorgarh Fort,2,8000
Vadodara,Kumbhalgarh Fort,3,12000
Vadodara,Hawa Mahal,4,15000
Vadodara,Ranthambore Fort,5,20000
Vadodara,Leh Palace,1,5000
Vadodara,Orchha,2,8000
Vadodara,Gwalior Fort,3,12000
Vadodara,Mandu,4,15000
Vadodara,Rajasthan Stepwells,5,20000
Vadodara,Rani Rupmati Pavilion,1,5000
Vadodara,Gingee Fort,2,8000
Vadodara,Panhala Fort,3,12000
Vadodara,Bidar Fort,4,15000
Vadodara,Saraswathi Mahal Library,5,20000
Vadodara,Lucknow Residency,1,5000
Vadodara,Murshidabad,2,8000
Vadodara,Madurai,3,12000
Vadodara,Chettinad,4,15000
Vadodara,Kodaikanal,5,20000
Surat,Taj Mahal,1,5000
Surat,Agra Fort,2,8000
Surat,Ajanta Caves,3,12000
Surat,Ellora Caves,4,15000
Surat,Buddhist Monuments at Sanchi,5,20000
Surat,Champaner-Pavagadh,1,5000
Surat,Chhatrapati Shivaji Terminus,2,8000
Surat,Churches and Convents of Goa,3,12000
Surat,Fatehpur Sikri,4,15000
Surat,Great Living Chola Temples,5,20000
Surat,Group of Monuments at Hampi,1,5000
Surat,Group of Monuments at Mahabalipuram,2,8000
Surat,Group of Monuments at Pattadakal,3,12000
Surat,Hill Forts of Rajasthan,4,15000
Surat,Historic City of Ahmedabad,5,20000
Surat,Humayun's Tomb,1,5000
Surat,Jaipur City,2,8000
Surat,Kaziranga National Park,3,12000
Surat,Keoladeo National Park,4,15000
Surat,Khajuraho Group of Monuments,5,20000
Surat,Mahabodhi Temple Complex at Bodh Gaya,1,5000
Surat,Mountain Railways of India,2,8000
Surat,Qutb Minar,3,12000
Surat,Rani ki Vav,4,15000
Surat,Red Fort,5,20000
Surat,Rock Shelters of Bhimbetka,1,5000
Surat,"Sun Temple, Konark",2,8000
Surat,Sundarbans National Park,3,12000
Surat,The Architectural Work of Le Corbusier,4,15000
Surat,"The Jantar Mantar, Jaipur",5,20000
Surat,The Western Ghats,1,5000
Surat,Victorian Gothic and Art Deco,2,8000
Surat,Great Himalayan National Park,3,12000
Surat,Khangchendzonga National Park,4,15000
Surat,Bishnupur Temples,5,20000
Surat,Golconda Fort,1,5000
Surat,Meenakshi Amman Temple,2,8000
Surat,Chittorgarh Fort,3,12000
Surat,Kumbhalgarh Fort,4,15000
Surat,Hawa Mahal,5,20000
Surat,Ranthambore Fort,1,5000
Surat,Leh Palace,2,8000
Surat,Orchha,3,12000
Surat,Gwalior Fort,4,15000
Surat,Mandu,5,20000
Surat,Rajasthan Stepwells,1,5000
Surat,Rani Rupmati Pavilion,2,8000
Surat,Gingee Fort,3,12000
Surat,Panhala Fort,4,15000
Surat,Bidar Fort,5,20000
Surat,Saraswathi Mahal Library,1,5000
Surat,Lucknow Residency,2,8000
Surat,Murshidabad,3,12000
Surat,Madurai,4,15000
Surat,Chettinad,5,20000
Surat,Kodaikanal,1,5000
Nagpur,Taj Mahal,2,8000
Nagpur,Agra Fort,3,12000
Nagpur,Ajanta Caves,4,15000
Nagpur,Ellora Caves,5,20000
Nagpur,Buddhist Monuments at Sanchi,1,5000
Nagpur,Champaner-Pavagadh,2,8000
Nagpur,Chhatrapati Shivaji Terminus,3,12000
Nagpur,Churches and Convents of Goa,4,15000
Nagpur,Fatehpur Sikri,5,20000
Nagpur,Great Living Chola Temples,1,5000
Nagpur,Group of Monuments at Hampi,2,8000
Nagpur,Group of Monuments at Mahabalipuram,3,12000
Nagpur,Group of Monuments at Pattadakal,4,15000
Nagpur,Hill Forts of Rajasthan,5,20000
Nagpur,Historic City of Ahmedabad,1,5000
Nagpur,Humayun's Tomb,2,8000
Nagpur,Jaipur City,3,12000
Nagpur,Kaziranga National Park,4,15000
Nagpur,Keoladeo National Park,5,20000
Nagpur,Khajuraho Group of Monuments,1,5000
Nagpur,Mahabodhi Temple Complex at Bodh Gaya,2,8000
Nagpur,Mountain Railways of India,3,12000
Nagpur,Qutb Minar,4,15000
Nagpur,Rani ki Vav,5,20000
Nagpur,Red Fort,1,5000
Nagpur,Rock Shelters of Bhimbetka,2,8000
Nagpur,"Sun Temple, Konark",3,12000
Nagpur,Sundarbans National Park,4,15000
Nagpur,The Architectural Work of Le Corbusier,5,20000
Nagpur,"The Jantar Mantar, Jaipur",1,5000
Nagpur,The Western Ghats,2,8000
Nagpur,Victorian Gothic and Art Deco,3,12000
Nagpur,Great Himalayan National Park,4,15000
Nagpur,Khangchendzonga National Park,5,20000
Nagpur,Bishnupur Temples,1,5000
Nagpur,Golconda Fort,2,8000
Nagpur,Meenakshi Amman Temple,3,12000
Nagpur,Chittorgarh Fort,4,15000
Nagpur,Kumbhalgarh Fort,5,20000
Nagpur,Hawa Mahal,1,5000
Nagpur,Ranthambore Fort,2,8000
Nagpur,Leh Palace,3,12000
Nagpur,Orchha,4,15000
Nagpur,Gwalior Fort,5,20000
Nagpur,Mandu,1,5000
Nagpur,Rajasthan Stepwells,2,8000
Nagpur,Rani Rupmati Pavilion,3,12000
Nagpur,Gingee Fort,4,15000
Nagpur,Panhala Fort,5,20000
Nagpur,Bidar Fort,1,5000
Nagpur,Saraswathi Mahal Library,2,8000
Nagpur,Lucknow Residency,3,12000
Nagpur,Murshidabad,4,15000
Nagpur,Madurai,5,20000
Nagpur,Chettinad,1,5000
Nagpur,Kodaikanal,2,8000
Coimbatore,Taj Mahal,3,12000
Coimbatore,Agra Fort,4,15000
Coimbatore,Ajanta Caves,5,20000
Coimbatore,Ellora Caves,1,5000
Coimbatore,Buddhist Monuments at Sanchi,2,8000
Coimbatore,Champaner-Pavagadh,3,12000
Coimbatore,Chhatrapati Shivaji Terminus,4,15000
Coimbatore,Churches and Convents of Goa,5,20000
Coimbatore,Fatehpur Sikri,1,5000
Coimbatore,Great Living Chola Temples,2,8000
Coimbatore,Group of Monuments at Hampi,3,12000
Coimbatore,Group of Monuments at Mahabalipuram,4,15000
Coimbatore,Group of Monuments at Pattadakal,5,20000
Coimbatore,Hill Forts of Rajasthan,1,5000
Coimbatore,Historic City of Ahmedabad,2,8000
Coimbatore,Humayun's Tomb,3,12000
Coimbatore,Jaipur City,4,15000
Coimbatore,Kaziranga National Park,5,20000
Coimbatore,Keoladeo National Park,1,5000
Coimbatore,Khajuraho Group of Monuments,2,8000
Coimbatore,Mahabodhi Temple Complex at Bodh Gaya,3,12000
Coimbatore,Mountain Railways of India,4,15000
Coimbatore,Qutb Minar,5,20000
Coimbatore,Rani ki Vav,1,5000
Coimbatore,Red Fort,2,8000
Coimbatore,Rock Shelters of Bhimbetka,3,12000
Coimbatore,"Sun Temple, Konark",4,15000
Coimbatore,Sundarbans National Park,5,20000
Coimbatore,The Architectural Work of Le Corbusier,1,5000
Coimbatore,"The Jantar Mantar, Jaipur",2,8000
Coimbatore,The Western Ghats,3,12000
Coimbatore,Victorian Gothic and Art Deco,4,15000
Coimbatore,Great Himalayan National Park,5,20000
Coimbatore,Khangchendzonga National Park,1,5000
Coimbatore,Bishnupur Temples,2,8000
Coimbatore,Golconda Fort,3,12000
Coimbatore,Meenakshi Amman Temple,4,15000
Coimbatore,Chittorgarh Fort,5,20000
Coimbatore,Kumbhalgarh Fort,1,5000
Coimbatore,Hawa Mahal,2,8000
Coimbatore,Ranthambore Fort,3,12000
Coimbatore,Leh Palace,4,15000
Coimbatore,Orchha,5,20000
Coimbatore,Gwalior Fort,1,5000
Coimbatore,Mandu,2,8000
Coimbatore,Rajasthan Stepwells,3,12000
Coimbatore,Rani Rupmati Pavilion,4,15000
Coimbatore,Gingee Fort,5,20000
Coimbatore,Panhala Fort,1,5000
Coimbatore,Bidar Fort,2,8000
Coimbatore,Saraswathi Mahal Library,3,12000
Coimbatore,Lucknow Residency,4,15000
Coimbatore,Murshidabad,5,20000
Coimbatore,Madurai,1,5000
Coimbatore,Chettinad,2,8000
Coimbatore,Kodaikanal,3,12000
Madurai,Taj Mahal,4,15000
Madurai,Agra Fort,5,20000
Madurai,Ajanta Caves,1,5000
Madurai,Ellora Caves,2,8000
Madurai,Buddhist Monuments at Sanchi,3,12000
Madurai,Champaner-Pavagadh,4,15000
Madurai,Chhatrapati Shivaji Terminus,5,20000
Madurai,Churches and Convents of Goa,1,5000
Madurai,Fatehpur Sikri,2,8000
Madurai,Great Living Chola Temples,3,12000
Madurai,Group of Monuments at Hampi,4,15000
Madurai,Group of Monuments at Mahabalipuram,5,20000
Madurai,Group of Monuments at Pattadakal,1,5000
Madurai,Hill Forts of Rajasthan,2,8000
Madurai,Historic City of Ahmedabad,3,12000
Madurai,Humayun's Tomb,4,15000
Madurai,Jaipur City,5,20000
Madurai,Kaziranga National Park,1,5000
Madurai,Keoladeo National Park,2,8000
Madurai,Khajuraho Group of Monuments,3,12000
Madurai,Mahabodhi Temple Complex at Bodh Gaya,4,15000
Madurai,Mountain Railways of India,5,20000
Madurai,Qutb Minar,1,5000
Madurai,Rani ki Vav,2,8000
Madurai,Red Fort,3,12000
Madurai,Rock Shelters of Bhimbetka,4,15000
Madurai,"Sun Temple, Konark",5,20000
Madurai,Sundarbans National Park,1,5000
Madurai,The Architectural Work of Le Corbusier,2,8000
Madurai,"The Jantar Mantar, Jaipur",3,12000
Madurai,The Western Ghats,4,15000
Madurai,Victorian Gothic and Art Deco,5,20000
Madurai,Great Himalayan National Park,1,5000
Madurai,Khangchendzonga National Park,2,8000
Madurai,Bishnupur Temples,3,12000
Madurai,Golconda Fort,4,15000
Madurai,Meenakshi Amman Temple,5,20000
Madurai,Chittorgarh Fort,1,5000
Madurai,Kumbhalgarh Fort,2,8000
Madurai,Hawa Mahal,3,12000
Madurai,Ranthambore Fort,4,15000
Madurai,Leh Palace,5,20000
Madurai,Orchha,1,5000
Madurai,Gwalior Fort,2,8000
Madurai,Mandu,3,12000
Madurai,Rajasthan Stepwells,4,15000
Madurai,Rani Rupmati Pavilion,5,20000
Madurai,Gingee Fort,1,5000
Madurai,Panhala Fort,2,8000
Madurai,Bidar Fort,3,12000
Madurai,Saraswathi Mahal Library,4,15000
Madurai,Lucknow Residency,5,20000
Madurai,Murshidabad,1,5000
Madurai,Madurai,2,8000
Madurai,Chettinad,3,12000
Madurai,Kodaikanal,4,15000
Visakhapatnam,Taj Mahal,5,20000
Visakhapatnam,Agra Fort,1,5000
Visakhapatnam,Ajanta Caves,2,8000
Visakhapatnam,Ellora Caves,3,12000
Visakhapatnam,Buddhist Monuments at Sanchi,4,15000
Visakhapatnam,Champaner-Pavagadh,5,20000
Visakhapatnam,Chhatrapati Shivaji Terminus,1,5000
Visakhapatnam,Churches and Convents of Goa,2,8000
Visakhapatnam,Fatehpur Sikri,3,12000
Visakhapatnam,Great Living Chola Temples,4,15000
Visakhapatnam,Group of Monuments at Hampi,5,20000
Visakhapatnam,Group of Monuments at Mahabalipuram,1,5000
Visakhapatnam,Group of Monuments at Pattadakal,2,8000
Visakhapatnam,Hill Forts of Rajasthan,3,12000
Visakhapatnam,Historic City of Ahmedabad,4,15000
Visakhapatnam,Humayun's Tomb,5,20000
Visakhapatnam,Jaipur City,1,5000
Visakhapatnam,Kaziranga National Park,2,8000
Visakhapatnam,Keoladeo National Park,3,12000
Visakhapatnam,Khajuraho Group of Monuments,4,15000
Visakhapatnam,Mahabodhi Temple Complex at Bodh Gaya,5,20000
Visakhapatnam,Mountain Railways of India,1,5000
Visakhapatnam,Qutb Minar,2,8000
Visakhapatnam,Rani ki Vav,3,12000
Visakhapatnam,Red Fort,4,15000
Visakhapatnam,Rock Shelters of Bhimbetka,5,20000
Visakhapatnam,"Sun Temple, Konark",1,5000
Visakhapatnam,Sundarbans National Park,2,8000
Visakhapatnam,The Architectural Work of Le Corbusier,3,12000
Visakhapatnam,"The Jantar Mantar, Jaipur",4,15000
Visakhapatnam,The Western Ghats,5,20000
Visakhapatnam,Victorian Gothic and Art Deco,1,5000
Visakhapatnam,Great Himalayan National Park,2,8000
Visakhapatnam,Khangchendzonga National Park,3,12000
Visakhapatnam,Bishnupur Temples,4,15000
Visakhapatnam,Golconda Fort,5,20000
Visakhapatnam,Meenakshi Amman Temple,1,5000
Visakhapatnam,Chittorgarh Fort,2,8000
Visakhapatnam,Kumbhalgarh Fort,3,12000
Visakhapatnam,Hawa Mahal,4,15000
Visakhapatnam,Ranthambore Fort,5,20000
Visakhapatnam,Leh Palace,1,5000
Visakhapatnam,Orchha,2,8000
Visakhapatnam,Gwalior Fort,3,12000
Visakhapatnam,Mandu,4,15000
Visakhapatnam,Rajasthan Stepwells,5,20000
Visakhapatnam,Rani Rupmati Pavilion,1,5000
Visakhapatnam,Gingee Fort,2,8000
Visakhapatnam,Panhala Fort,3,12000
Visakhapatnam,Bidar Fort,4,15000
Visakhapatnam,Saraswathi Mahal Library,5,20000
Visakhapatnam,Lucknow Residency,1,5000
Visakhapatnam,Murshidabad,2,8000
Visakhapatnam,Madurai,3,12000
Visakhapatnam,Chettinad,4,15000
Visakhapatnam,Kodaikanal,5,20000
Chandigarh,Taj Mahal,1,5000
Chandigarh,Agra Fort,2,8000
Chandigarh,Ajanta Caves,3,12000
Chandigarh,Ellora Caves,4,15000
Chandigarh,Buddhist Monuments at Sanchi,5,20000
Chandigarh,Champaner-Pavagadh,1,5000
Chandigarh,Chhatrapati Shivaji Terminus,2,8000
Chandigarh,Churches and Convents of Goa,3,12000
Chandigarh,Fatehpur Sikri,4,15000
Chandigarh,Great Living Chola Temples,5,20000
Chandigarh,Group of Monuments at Hampi,1,5000
Chandigarh,Group of Monuments at Mahabalipuram,2,8000
Chandigarh,Group of Monuments at Pattadakal,3,12000
Chandigarh,Hill Forts of Rajasthan,4,15000
Chandigarh,Historic City of Ahmedabad,5,20000
Chandigarh,Humayun's Tomb,1,5000
Chandigarh,Jaipur City,2,8000
Chandigarh,Kaziranga National Park,3,12000
Chandigarh,Keoladeo National Park,4,15000
Chandigarh,Khajuraho Group of Monuments,5,20000
Chandigarh,Mahabodhi Temple Complex at Bodh Gaya,1,5000
Chandigarh,Mountain Railways of India,2,8000
Chandigarh,Qutb Minar,3,12000
Chandigarh,Rani ki Vav,4,15000
Chandigarh,Red Fort,5,20000
Chandigarh,Rock Shelters of Bhimbetka,1,5000
Chandigarh,"Sun Temple, Konark",2,8000
Chandigarh,Sundarbans National Park,3,12000
Chandigarh,The Architectural Work of Le Corbusier,4,15000
Chandigarh,"The Jantar Mantar, Jaipur",5,20000
Chandigarh,The Western Ghats,1,5000
Chandigarh,Victorian Gothic and Art Deco,2,8000
Chandigarh,Great Himalayan National Park,3,12000
Chandigarh,Khangchendzonga National Park,4,15000
Chandigarh,Bishnupur Temples,5,20000
Chandigarh,Golconda Fort,1,5000
Chandigarh,Meenakshi Amman Temple,2,8000
Chandigarh,Chittorgarh Fort,3,12000
Chandigarh,Kumbhalgarh Fort,4,15000
Chandigarh,Hawa Mahal,5,20000
Chandigarh,Ranthambore Fort,1,5000
Chandigarh,Leh Palace,2,8000
Chandigarh,Orchha,3,12000
Chandigarh,Gwalior Fort,4,15000
Chandigarh,Mandu,5,20000
Chandigarh,Rajasthan Stepwells,1,5000
Chandigarh,Rani Rupmati Pavilion,2,8000
Chandigarh,Gingee Fort,3,12000
Chandigarh,Panhala Fort,4,15000
Chandigarh,Bidar Fort,5,20000
Chandigarh,Saraswathi Mahal Library,1,5000
Chandigarh,Lucknow Residency,2,8000
Chandigarh,Murshidabad,3,12000
Chandigarh,Madurai,4,15000
Chandigarh,Chettinad,5,20000
Chandigarh,Kodaikanal,1,5000
Dehradun,Taj Mahal,2,8000
Dehradun,Agra Fort,3,12000
Dehradun,Ajanta Caves,4,15000
Dehradun,Ellora Caves,5,20000
Dehradun,Buddhist Monuments at Sanchi,1,5000
Dehradun,Champaner-Pavagadh,2,8000
Dehradun,Chhatrapati Shivaji Terminus,3,12000
Dehradun,Churches and Convents of Goa,4,15000
Dehradun,Fatehpur Sikri,5,20000
Dehradun,Great Living Chola Temples,1,5000
Dehradun,Group of Monuments at Hampi,2,8000
Dehradun,Group of Monuments at Mahabalipuram,3,12000
Dehradun,Group of Monuments at Pattadakal,4,15000
Dehradun,Hill Forts of Rajasthan,5,20000
Dehradun,Historic City of Ahmedabad,1,5000
Dehradun,Humayun's Tomb,2,8000
Dehradun,Jaipur City,3,12000
Dehradun,Kaziranga National Park,4,15000
Dehradun,Keoladeo National Park,5,20000
Dehradun,Khajuraho Group of Monuments,1,5000
Dehradun,Mahabodhi Temple Complex at Bodh Gaya,2,8000
Dehradun,Mountain Railways of India,3,12000
Dehradun,Qutb Minar,4,15000
Dehradun,Rani ki Vav,5,20000
Dehradun,Red Fort,1,5000
Dehradun,Rock Shelters of Bhimbetka,2,8000
Dehradun,"Sun Temple, Konark",3,12000
Dehradun,Sundarbans National Park,4,15000
Dehradun,The Architectural Work of Le Corbusier,5,20000
Dehradun,"The Jantar Mantar, Jaipur",1,5000
Dehradun,The Western Ghats,2,8000
Dehradun,Victorian Gothic and Art Deco,3,12000
Dehradun,Great Himalayan National Park,4,15000
Dehradun,Khangchendzonga National Park,5,20000
Dehradun,Bishnupur Temples,1,5000
Dehradun,Golconda Fort,2,8000
Dehradun,Meenakshi Amman Temple,3,12000
Dehradun,Chittorgarh Fort,4,15000
Dehradun,Kumbhalgarh Fort,5,20000
Dehradun,Hawa Mahal,1,5000
Dehradun,Ranthambore Fort,2,8000
Dehradun,Leh Palace,3,12000
Dehradun,Orchha,4,15000
Dehradun,Gwalior Fort,5,20000
Dehradun,Mandu,1,5000
Dehradun,Rajasthan Stepwells,2,8000
Dehradun,Rani Rupmati Pavilion,3,12000
Dehradun,Gingee Fort,4,15000
Dehradun,Panhala Fort,5,20000
Dehradun,Bidar Fort,1,5000
Dehradun,Saraswathi Mahal Library,2,8000
Dehradun,Lucknow Residency,3,12000
Dehradun,Murshidabad,4,15000
Dehradun,Madurai,5,20000
Dehradun,Chettinad,1,5000
Dehradun,Kodaikanal,2,8000
